Category,ID,Latitude,Longitude,Date,ECOSTRESS_Tile,ECO_L2T_LSTE_002_LST,ECO_L2T_LSTE_002_QC,ECO_L2T_LSTE_002_cloud,ECO_L2T_LSTE_002_QC_bitmask,ECO_L2T_LSTE_002_QC_Mandatory_QA_flags,ECO_L2T_LSTE_002_QC_Mandatory_QA_flags_Description,ECO_L2T_LSTE_002_QC_Data_quality_flag,ECO_L2T_LSTE_002_QC_Data_quality_flag_Description,ECO_L2T_LSTE_002_QC_Cloud/Ocean_Flag,ECO_L2T_LSTE_002_QC_Cloud/Ocean_Flag_Description,ECO_L2T_LSTE_002_QC_Iterations,ECO_L2T_LSTE_002_QC_Iterations_Description,ECO_L2T_LSTE_002_QC_Atmospheric_Opacity,ECO_L2T_LSTE_002_QC_Atmospheric_Opacity_Description,ECO_L2T_LSTE_002_QC_MMD,ECO_L2T_LSTE_002_QC_MMD_Description,ECO_L2T_LSTE_002_QC_Emissivity_accuracy,ECO_L2T_LSTE_002_QC_Emissivity_accuracy_Description,ECO_L2T_LSTE_002_QC_LST_accuracy,ECO_L2T_LSTE_002_QC_LST_accuracy_Description,ECO_L2T_LSTE_002_cloud_bitmask,ECO_L2T_LSTE_002_cloud_Cloud_Mask,ECO_L2T_LSTE_002_cloud_Cloud_Mask_Description
Dharwad,2,15.4589,74.9947,2023-04-05 05:00:42 UTC,43PDT,309.9200134,20160.0,0.0,0b0100111011000000,0b00,Pixel produced by TES (Use cloud layer to filter cloudy pixels and select best quality),0b00,Good quality L1B data,0b00,Not set. Please check ECOSTRESS GEO and CLOUD products for this information.,0b11,Fast,0b10,0.1 - 0.2 (Nominal value),0b11,"<0.03 (Vegetation, snow, water, ice)",0b00,>0.02 (Poor performance),0b01,1.5 - 2 K (Marginal performance),0b00000000,0b0,Clear
Dharwad,2,15.4589,74.9947,2023-04-09 03:25:47 UTC,43PDT,300.3399963,20160.0,0.0,0b0100111011000000,0b00,Pixel produced by TES (Use cloud layer to filter cloudy pixels and select best quality),0b00,Good quality L1B data,0b00,Not set. Please check ECOSTRESS GEO and CLOUD products for this information.,0b11,Fast,0b10,0.1 - 0.2 (Nominal value),0b11,"<0.03 (Vegetation, snow, water, ice)",0b00,>0.02 (Poor performance),0b01,1.5 - 2 K (Marginal performance),0b00000000,0b0,Clear
Dharwad,2,15.4589,74.9947,2023-04-12 12:30:59 UTC,43PDT,306.2000122,36544.0,0.0,0b1000111011000000,0b00,Pixel produced by TES (Use cloud layer to filter cloudy pixels and select best quality),0b00,Good quality L1B data,0b00,Not set. Please check ECOSTRESS GEO and CLOUD products for this information.,0b11,Fast,0b10,0.1 - 0.2 (Nominal value),0b11,"<0.03 (Vegetation, snow, water, ice)",0b00,>0.02 (Poor performance),0b10,1 - 1.5 K (Good performance),0b00000000,0b0,Clear
Dharwad,2,15.4589,74.9947,2023-04-13 01:50:06 UTC,43PDT,291.1400146,36544.0,0.0,0b1000111011000000,0b00,Pixel produced by TES (Use cloud layer to filter cloudy pixels and select best quality),0b00,Good quality L1B data,0b00,Not set. Please check ECOSTRESS GEO and CLOUD products for this information.,0b11,Fast,0b10,0.1 - 0.2 (Nominal value),0b11,"<0.03 (Vegetation, snow, water, ice)",0b00,>0.02 (Poor performance),0b10,1 - 1.5 K (Good performance),0b00000000,0b0,Clear
Dharwad,2,15.4589,74.9947,2023-04-20 22:37:04 UTC,43PDT,296.6000061,18880.0,0.0,0b0100100111000000,0b00,Pixel produced by TES (Use cloud layer to filter cloudy pixels and select best quality),0b00,Good quality L1B data,0b00,Not set. Please check ECOSTRESS GEO and CLOUD products for this information.,0b11,Fast,0b01,0.2 - 0.3 (Nominal value),0b10,"0.03 - 0.1 (Mostly soils, mixed pixel)",0b00,>0.02 (Poor performance),0b01,1.5 - 2 K (Marginal performance),0b00000000,0b0,Clear
Dharwad,2,15.4589,74.9947,2023-04-24 07:40:52 UTC,43PDT,311.2399902,19136.0,0.0,0b0100101011000000,0b00,Pixel produced by TES (Use cloud layer to filter cloudy pixels and select best quality),0b00,Good quality L1B data,0b00,Not set. Please check ECOSTRESS GEO and CLOUD products for this information.,0b11,Fast,0b10,0.1 - 0.2 (Nominal value),0b10,"0.03 - 0.1 (Mostly soils, mixed pixel)",0b00,>0.02 (Poor performance),0b01,1.5 - 2 K (Marginal performance),0b00000000,0b0,Clear
Dharwad,2,15.4589,74.9947,2023-05-01 18:33:27 UTC,43PDT,289.2000122,16832.0,0.0,0b0100000111000000,0b00,Pixel produced by TES (Use cloud layer to filter cloudy pixels and select best quality),0b00,Good quality L1B data,0b00,Not set. Please check ECOSTRESS GEO and CLOUD products for this information.,0b11,Fast,0b01,0.2 - 0.3 (Nominal value),0b00,>0.15 (Most silicate rocks),0b00,>0.02 (Poor performance),0b01,1.5 - 2 K (Marginal performance),0b00000000,0b0,Clear
Dharwad,2,15.4589,74.9947,2023-05-09 02:00:55 UTC,43PDT,298.1000061,2496.0,0.0,0b0000100111000000,0b00,Pixel produced by TES (Use cloud layer to filter cloudy pixels and select best quality),0b00,Good quality L1B data,0b00,Not set. Please check ECOSTRESS GEO and CLOUD products for this information.,0b11,Fast,0b01,0.2 - 0.3 (Nominal value),0b10,"0.03 - 0.1 (Mostly soils, mixed pixel)",0b00,>0.02 (Poor performance),0b00,>2 K (Poor performance),0b00000000,0b0,Clear
Dharwad,2,15.4589,74.9947,2023-05-16 22:46:34 UTC,43PDT,295.7200012,36544.0,0.0,0b1000111011000000,0b00,Pixel produced by TES (Use cloud layer to filter cloudy pixels and select best quality),0b00,Good quality L1B data,0b00,Not set. Please check ECOSTRESS GEO and CLOUD products for this information.,0b11,Fast,0b10,0.1 - 0.2 (Nominal value),0b11,"<0.03 (Vegetation, snow, water, ice)",0b00,>0.02 (Poor performance),0b10,1 - 1.5 K (Good performance),0b00000000,0b0,Clear
Dharwad,2,15.4589,74.9947,2023-05-17 12:04:46 UTC,43PDT,308.0599976,36549.0,0.0,0b1000111011000101,0b01,Pixel produced by TES but certain conditions are met that may degrade the LSTE accuracy 00 Pixel produced by TES  (Use cloud layer to filter cloudy pixels and select best quality),0b01,Missing stripe pixel in bands 1 and 5,0b00,Not set. Please check ECOSTRESS GEO and CLOUD products for this information.,0b11,Fast,0b10,0.1 - 0.2 (Nominal value),0b11,"<0.03 (Vegetation, snow, water, ice)",0b00,>0.02 (Poor performance),0b10,1 - 1.5 K (Good performance),0b00000000,0b0,Clear
Dharwad,2,15.4589,74.9947,2023-05-17 12:05:38 UTC,43PDT,307.980011,36544.0,0.0,0b1000111011000000,0b00,Pixel produced by TES (Use cloud layer to filter cloudy pixels and select best quality),0b00,Good quality L1B data,0b00,Not set. Please check ECOSTRESS GEO and CLOUD products for this information.,0b11,Fast,0b10,0.1 - 0.2 (Nominal value),0b11,"<0.03 (Vegetation, snow, water, ice)",0b00,>0.02 (Poor performance),0b10,1 - 1.5 K (Good performance),0b00000000,0b0,Clear
Dharwad,2,15.4589,74.9947,2023-05-24 19:31:54 UTC,43PDT,298.7399902,2496.0,0.0,0b0000100111000000,0b00,Pixel produced by TES (Use cloud layer to filter cloudy pixels and select best quality),0b00,Good quality L1B data,0b00,Not set. Please check ECOSTRESS GEO and CLOUD products for this information.,0b11,Fast,0b01,0.2 - 0.3 (Nominal value),0b10,"0.03 - 0.1 (Mostly soils, mixed pixel)",0b00,>0.02 (Poor performance),0b00,>2 K (Poor performance),0b00000000,0b0,Clear
Dharwad,2,15.4589,74.9947,2023-06-05 04:45:39 UTC,43PDT,300.480011,18880.0,0.0,0b0100100111000000,0b00,Pixel produced by TES (Use cloud layer to filter cloudy pixels and select best quality),0b00,Good quality L1B data,0b00,Not set. Please check ECOSTRESS GEO and CLOUD products for this information.,0b11,Fast,0b01,0.2 - 0.3 (Nominal value),0b10,"0.03 - 0.1 (Mostly soils, mixed pixel)",0b00,>0.02 (Poor performance),0b01,1.5 - 2 K (Marginal performance),0b00000000,0b0,Clear
Dharwad,2,15.4589,74.9947,2023-06-08 13:47:43 UTC,43PDT,304.8200073,1472.0,0.0,0b0000010111000000,0b00,Pixel produced by TES (Use cloud layer to filter cloudy pixels and select best quality),0b00,Good quality L1B data,0b00,Not set. Please check ECOSTRESS GEO and CLOUD products for this information.,0b11,Fast,0b01,0.2 - 0.3 (Nominal value),0b01,"0.1 - 0.15 (Rocks, sand, some soils)",0b00,>0.02 (Poor performance),0b00,>2 K (Poor performance),0b00000000,0b0,Clear
Dharwad,2,15.4589,74.9947,2023-06-09 03:06:27 UTC,43PDT,303.1199951,2496.0,0.0,0b0000100111000000,0b00,Pixel produced by TES (Use cloud layer to filter cloudy pixels and select best quality),0b00,Good quality L1B data,0b00,Not set. Please check ECOSTRESS GEO and CLOUD products for this information.,0b11,Fast,0b01,0.2 - 0.3 (Nominal value),0b10,"0.03 - 0.1 (Mostly soils, mixed pixel)",0b00,>0.02 (Poor performance),0b00,>2 K (Poor performance),0b00000000,0b0,Clear
Dharwad-Central,4,15.45,75.01,2023-04-05 05:00:42 UTC,43PDT,311.8999939,20160.0,0.0,0b0100111011000000,0b00,Pixel produced by TES (Use cloud layer to filter cloudy pixels and select best quality),0b00,Good quality L1B data,0b00,Not set. Please check ECOSTRESS GEO and CLOUD products for this information.,0b11,Fast,0b10,0.1 - 0.2 (Nominal value),0b11,"<0.03 (Vegetation, snow, water, ice)",0b00,>0.02 (Poor performance),0b01,1.5 - 2 K (Marginal performance),0b00000000,0b0,Clear
Dharwad-Central,4,15.45,75.01,2023-04-09 03:25:47 UTC,43PDT,301.2600098,20160.0,0.0,0b0100111011000000,0b00,Pixel produced by TES (Use cloud layer to filter cloudy pixels and select best quality),0b00,Good quality L1B data,0b00,Not set. Please check ECOSTRESS GEO and CLOUD products for this information.,0b11,Fast,0b10,0.1 - 0.2 (Nominal value),0b11,"<0.03 (Vegetation, snow, water, ice)",0b00,>0.02 (Poor performance),0b01,1.5 - 2 K (Marginal performance),0b00000000,0b0,Clear
Dharwad-Central,4,15.45,75.01,2023-04-12 12:30:59 UTC,43PDT,307.4400024,36544.0,0.0,0b1000111011000000,0b00,Pixel produced by TES (Use cloud layer to filter cloudy pixels and select best quality),0b00,Good quality L1B data,0b00,Not set. Please check ECOSTRESS GEO and CLOUD products for this information.,0b11,Fast,0b10,0.1 - 0.2 (Nominal value),0b11,"<0.03 (Vegetation, snow, water, ice)",0b00,>0.02 (Poor performance),0b10,1 - 1.5 K (Good performance),0b00000000,0b0,Clear
Dharwad-Central,4,15.45,75.01,2023-04-13 01:50:06 UTC,43PDT,292.4200134,36544.0,0.0,0b1000111011000000,0b00,Pixel produced by TES (Use cloud layer to filter cloudy pixels and select best quality),0b00,Good quality L1B data,0b00,Not set. Please check ECOSTRESS GEO and CLOUD products for this information.,0b11,Fast,0b10,0.1 - 0.2 (Nominal value),0b11,"<0.03 (Vegetation, snow, water, ice)",0b00,>0.02 (Poor performance),0b10,1 - 1.5 K (Good performance),0b00000000,0b0,Clear
Dharwad-Central,4,15.45,75.01,2023-04-20 22:37:04 UTC,43PDT,297.2200012,18880.0,0.0,0b0100100111000000,0b00,Pixel produced by TES (Use cloud layer to filter cloudy pixels and select best quality),0b00,Good quality L1B data,0b00,Not set. Please check ECOSTRESS GEO and CLOUD products for this information.,0b11,Fast,0b01,0.2 - 0.3 (Nominal value),0b10,"0.03 - 0.1 (Mostly soils, mixed pixel)",0b00,>0.02 (Poor performance),0b01,1.5 - 2 K (Marginal performance),0b00000000,0b0,Clear
Dharwad-Central,4,15.45,75.01,2023-04-24 07:40:52 UTC,43PDT,310.9400024,19136.0,0.0,0b0100101011000000,0b00,Pixel produced by TES (Use cloud layer to filter cloudy pixels and select best quality),0b00,Good quality L1B data,0b00,Not set. Please check ECOSTRESS GEO and CLOUD products for this information.,0b11,Fast,0b10,0.1 - 0.2 (Nominal value),0b10,"0.03 - 0.1 (Mostly soils, mixed pixel)",0b00,>0.02 (Poor performance),0b01,1.5 - 2 K (Marginal performance),0b00000000,0b0,Clear
Dharwad-Central,4,15.45,75.01,2023-05-01 18:33:27 UTC,43PDT,285.1799927,16832.0,0.0,0b0100000111000000,0b00,Pixel produced by TES (Use cloud layer to filter cloudy pixels and select best quality),0b00,Good quality L1B data,0b00,Not set. Please check ECOSTRESS GEO and CLOUD products for this information.,0b11,Fast,0b01,0.2 - 0.3 (Nominal value),0b00,>0.15 (Most silicate rocks),0b00,>0.02 (Poor performance),0b01,1.5 - 2 K (Marginal performance),0b00000000,0b0,Clear
Dharwad-Central,4,15.45,75.01,2023-05-09 02:00:55 UTC,43PDT,295.7000122,3520.0,0.0,0b0000110111000000,0b00,Pixel produced by TES (Use cloud layer to filter cloudy pixels and select best quality),0b00,Good quality L1B data,0b00,Not set. Please check ECOSTRESS GEO and CLOUD products for this information.,0b11,Fast,0b01,0.2 - 0.3 (Nominal value),0b11,"<0.03 (Vegetation, snow, water, ice)",0b00,>0.02 (Poor performance),0b00,>2 K (Poor performance),0b00000000,0b0,Clear
Dharwad-Central,4,15.45,75.01,2023-05-16 22:46:34 UTC,43PDT,296.1400146,36544.0,0.0,0b1000111011000000,0b00,Pixel produced by TES (Use cloud layer to filter cloudy pixels and select best quality),0b00,Good quality L1B data,0b00,Not set. Please check ECOSTRESS GEO and CLOUD products for this information.,0b11,Fast,0b10,0.1 - 0.2 (Nominal value),0b11,"<0.03 (Vegetation, snow, water, ice)",0b00,>0.02 (Poor performance),0b10,1 - 1.5 K (Good performance),0b00000000,0b0,Clear
Dharwad-Central,4,15.45,75.01,2023-05-17 12:04:46 UTC,43PDT,309.8399963,36544.0,0.0,0b1000111011000000,0b00,Pixel produced by TES (Use cloud layer to filter cloudy pixels and select best quality),0b00,Good quality L1B data,0b00,Not set. Please check ECOSTRESS GEO and CLOUD products for this information.,0b11,Fast,0b10,0.1 - 0.2 (Nominal value),0b11,"<0.03 (Vegetation, snow, water, ice)",0b00,>0.02 (Poor performance),0b10,1 - 1.5 K (Good performance),0b00000000,0b0,Clear
Dharwad-Central,4,15.45,75.01,2023-05-17 12:05:38 UTC,43PDT,309.3999939,36544.0,0.0,0b1000111011000000,0b00,Pixel produced by TES (Use cloud layer to filter cloudy pixels and select best quality),0b00,Good quality L1B data,0b00,Not set. Please check ECOSTRESS GEO and CLOUD products for this information.,0b11,Fast,0b10,0.1 - 0.2 (Nominal value),0b11,"<0.03 (Vegetation, snow, water, ice)",0b00,>0.02 (Poor performance),0b10,1 - 1.5 K (Good performance),0b00000000,0b0,Clear
Dharwad-Central,4,15.45,75.01,2023-05-24 19:31:54 UTC,43PDT,299.2799988,2496.0,0.0,0b0000100111000000,0b00,Pixel produced by TES (Use cloud layer to filter cloudy pixels and select best quality),0b00,Good quality L1B data,0b00,Not set. Please check ECOSTRESS GEO and CLOUD products for this information.,0b11,Fast,0b01,0.2 - 0.3 (Nominal value),0b10,"0.03 - 0.1 (Mostly soils, mixed pixel)",0b00,>0.02 (Poor performance),0b00,>2 K (Poor performance),0b00000000,0b0,Clear
Dharwad-Central,4,15.45,75.01,2023-06-05 04:45:39 UTC,43PDT,302.9400024,17856.0,0.0,0b0100010111000000,0b00,Pixel produced by TES (Use cloud layer to filter cloudy pixels and select best quality),0b00,Good quality L1B data,0b00,Not set. Please check ECOSTRESS GEO and CLOUD products for this information.,0b11,Fast,0b01,0.2 - 0.3 (Nominal value),0b01,"0.1 - 0.15 (Rocks, sand, some soils)",0b00,>0.02 (Poor performance),0b01,1.5 - 2 K (Marginal performance),0b00000000,0b0,Clear
Dharwad-Central,4,15.45,75.01,2023-06-08 13:47:43 UTC,43PDT,303.8800049,2496.0,0.0,0b0000100111000000,0b00,Pixel produced by TES (Use cloud layer to filter cloudy pixels and select best quality),0b00,Good quality L1B data,0b00,Not set. Please check ECOSTRESS GEO and CLOUD products for this information.,0b11,Fast,0b01,0.2 - 0.3 (Nominal value),0b10,"0.03 - 0.1 (Mostly soils, mixed pixel)",0b00,>0.02 (Poor performance),0b00,>2 K (Poor performance),0b00000000,0b0,Clear
Dharwad-Central,4,15.45,75.01,2023-06-09 03:06:27 UTC,43PDT,306.2399902,2496.0,0.0,0b0000100111000000,0b00,Pixel produced by TES (Use cloud layer to filter cloudy pixels and select best quality),0b00,Good quality L1B data,0b00,Not set. Please check ECOSTRESS GEO and CLOUD products for this information.,0b11,Fast,0b01,0.2 - 0.3 (Nominal value),0b10,"0.03 - 0.1 (Mostly soils, mixed pixel)",0b00,>0.02 (Poor performance),0b00,>2 K (Poor performance),0b00000000,0b0,Clear
Dharwad-Central,4,15.45,75.01,2023-04-05 05:00:42 UTC,43PET,311.8999939,20160.0,0.0,0b0100111011000000,0b00,Pixel produced by TES (Use cloud layer to filter cloudy pixels and select best quality),0b00,Good quality L1B data,0b00,Not set. Please check ECOSTRESS GEO and CLOUD products for this information.,0b11,Fast,0b10,0.1 - 0.2 (Nominal value),0b11,"<0.03 (Vegetation, snow, water, ice)",0b00,>0.02 (Poor performance),0b01,1.5 - 2 K (Marginal performance),0b00000000,0b0,Clear
Dharwad-Central,4,15.45,75.01,2023-04-09 03:25:47 UTC,43PET,301.2600098,20160.0,0.0,0b0100111011000000,0b00,Pixel produced by TES (Use cloud layer to filter cloudy pixels and select best quality),0b00,Good quality L1B data,0b00,Not set. Please check ECOSTRESS GEO and CLOUD products for this information.,0b11,Fast,0b10,0.1 - 0.2 (Nominal value),0b11,"<0.03 (Vegetation, snow, water, ice)",0b00,>0.02 (Poor performance),0b01,1.5 - 2 K (Marginal performance),0b00000000,0b0,Clear
Dharwad-Central,4,15.45,75.01,2023-04-12 12:30:59 UTC,43PET,307.4400024,36544.0,0.0,0b1000111011000000,0b00,Pixel produced by TES (Use cloud layer to filter cloudy pixels and select best quality),0b00,Good quality L1B data,0b00,Not set. Please check ECOSTRESS GEO and CLOUD products for this information.,0b11,Fast,0b10,0.1 - 0.2 (Nominal value),0b11,"<0.03 (Vegetation, snow, water, ice)",0b00,>0.02 (Poor performance),0b10,1 - 1.5 K (Good performance),0b00000000,0b0,Clear
Dharwad-Central,4,15.45,75.01,2023-04-13 01:50:06 UTC,43PET,292.4200134,36544.0,0.0,0b1000111011000000,0b00,Pixel produced by TES (Use cloud layer to filter cloudy pixels and select best quality),0b00,Good quality L1B data,0b00,Not set. Please check ECOSTRESS GEO and CLOUD products for this information.,0b11,Fast,0b10,0.1 - 0.2 (Nominal value),0b11,"<0.03 (Vegetation, snow, water, ice)",0b00,>0.02 (Poor performance),0b10,1 - 1.5 K (Good performance),0b00000000,0b0,Clear
Dharwad-Central,4,15.45,75.01,2023-04-20 22:37:04 UTC,43PET,297.2200012,18880.0,0.0,0b0100100111000000,0b00,Pixel produced by TES (Use cloud layer to filter cloudy pixels and select best quality),0b00,Good quality L1B data,0b00,Not set. Please check ECOSTRESS GEO and CLOUD products for this information.,0b11,Fast,0b01,0.2 - 0.3 (Nominal value),0b10,"0.03 - 0.1 (Mostly soils, mixed pixel)",0b00,>0.02 (Poor performance),0b01,1.5 - 2 K (Marginal performance),0b00000000,0b0,Clear
Dharwad-Central,4,15.45,75.01,2023-04-24 07:40:52 UTC,43PET,310.9400024,19136.0,0.0,0b0100101011000000,0b00,Pixel produced by TES (Use cloud layer to filter cloudy pixels and select best quality),0b00,Good quality L1B data,0b00,Not set. Please check ECOSTRESS GEO and CLOUD products for this information.,0b11,Fast,0b10,0.1 - 0.2 (Nominal value),0b10,"0.03 - 0.1 (Mostly soils, mixed pixel)",0b00,>0.02 (Poor performance),0b01,1.5 - 2 K (Marginal performance),0b00000000,0b0,Clear
Dharwad-Central,4,15.45,75.01,2023-05-01 18:33:27 UTC,43PET,285.1799927,16832.0,0.0,0b0100000111000000,0b00,Pixel produced by TES (Use cloud layer to filter cloudy pixels and select best quality),0b00,Good quality L1B data,0b00,Not set. Please check ECOSTRESS GEO and CLOUD products for this information.,0b11,Fast,0b01,0.2 - 0.3 (Nominal value),0b00,>0.15 (Most silicate rocks),0b00,>0.02 (Poor performance),0b01,1.5 - 2 K (Marginal performance),0b00000000,0b0,Clear
Dharwad-Central,4,15.45,75.01,2023-05-09 02:00:55 UTC,43PET,295.7000122,3520.0,0.0,0b0000110111000000,0b00,Pixel produced by TES (Use cloud layer to filter cloudy pixels and select best quality),0b00,Good quality L1B data,0b00,Not set. Please check ECOSTRESS GEO and CLOUD products for this information.,0b11,Fast,0b01,0.2 - 0.3 (Nominal value),0b11,"<0.03 (Vegetation, snow, water, ice)",0b00,>0.02 (Poor performance),0b00,>2 K (Poor performance),0b00000000,0b0,Clear
Dharwad-Central,4,15.45,75.01,2023-05-16 22:46:34 UTC,43PET,296.1400146,36544.0,0.0,0b1000111011000000,0b00,Pixel produced by TES (Use cloud layer to filter cloudy pixels and select best quality),0b00,Good quality L1B data,0b00,Not set. Please check ECOSTRESS GEO and CLOUD products for this information.,0b11,Fast,0b10,0.1 - 0.2 (Nominal value),0b11,"<0.03 (Vegetation, snow, water, ice)",0b00,>0.02 (Poor performance),0b10,1 - 1.5 K (Good performance),0b00000000,0b0,Clear
Dharwad-Central,4,15.45,75.01,2023-05-17 12:04:46 UTC,43PET,309.8399963,36544.0,0.0,0b1000111011000000,0b00,Pixel produced by TES (Use cloud layer to filter cloudy pixels and select best quality),0b00,Good quality L1B data,0b00,Not set. Please check ECOSTRESS GEO and CLOUD products for this information.,0b11,Fast,0b10,0.1 - 0.2 (Nominal value),0b11,"<0.03 (Vegetation, snow, water, ice)",0b00,>0.02 (Poor performance),0b10,1 - 1.5 K (Good performance),0b00000000,0b0,Clear
Dharwad-Central,4,15.45,75.01,2023-05-17 12:05:38 UTC,43PET,309.3999939,36544.0,0.0,0b1000111011000000,0b00,Pixel produced by TES (Use cloud layer to filter cloudy pixels and select best quality),0b00,Good quality L1B data,0b00,Not set. Please check ECOSTRESS GEO and CLOUD products for this information.,0b11,Fast,0b10,0.1 - 0.2 (Nominal value),0b11,"<0.03 (Vegetation, snow, water, ice)",0b00,>0.02 (Poor performance),0b10,1 - 1.5 K (Good performance),0b00000000,0b0,Clear
Dharwad-Central,4,15.45,75.01,2023-05-24 19:31:54 UTC,43PET,299.2799988,2496.0,0.0,0b0000100111000000,0b00,Pixel produced by TES (Use cloud layer to filter cloudy pixels and select best quality),0b00,Good quality L1B data,0b00,Not set. Please check ECOSTRESS GEO and CLOUD products for this information.,0b11,Fast,0b01,0.2 - 0.3 (Nominal value),0b10,"0.03 - 0.1 (Mostly soils, mixed pixel)",0b00,>0.02 (Poor performance),0b00,>2 K (Poor performance),0b00000000,0b0,Clear
Dharwad-Central,4,15.45,75.01,2023-06-05 04:45:39 UTC,43PET,302.9400024,17856.0,0.0,0b0100010111000000,0b00,Pixel produced by TES (Use cloud layer to filter cloudy pixels and select best quality),0b00,Good quality L1B data,0b00,Not set. Please check ECOSTRESS GEO and CLOUD products for this information.,0b11,Fast,0b01,0.2 - 0.3 (Nominal value),0b01,"0.1 - 0.15 (Rocks, sand, some soils)",0b00,>0.02 (Poor performance),0b01,1.5 - 2 K (Marginal performance),0b00000000,0b0,Clear
Dharwad-Central,4,15.45,75.01,2023-06-08 13:47:43 UTC,43PET,303.8800049,2496.0,0.0,0b0000100111000000,0b00,Pixel produced by TES (Use cloud layer to filter cloudy pixels and select best quality),0b00,Good quality L1B data,0b00,Not set. Please check ECOSTRESS GEO and CLOUD products for this information.,0b11,Fast,0b01,0.2 - 0.3 (Nominal value),0b10,"0.03 - 0.1 (Mostly soils, mixed pixel)",0b00,>0.02 (Poor performance),0b00,>2 K (Poor performance),0b00000000,0b0,Clear
Dharwad-Central,4,15.45,75.01,2023-06-09 03:06:27 UTC,43PET,306.2399902,2496.0,0.0,0b0000100111000000,0b00,Pixel produced by TES (Use cloud layer to filter cloudy pixels and select best quality),0b00,Good quality L1B data,0b00,Not set. Please check ECOSTRESS GEO and CLOUD products for this information.,0b11,Fast,0b01,0.2 - 0.3 (Nominal value),0b10,"0.03 - 0.1 (Mostly soils, mixed pixel)",0b00,>0.02 (Poor performance),0b00,>2 K (Poor performance),0b00000000,0b0,Clear
Hubballi,1,15.3647,75.124,2023-04-05 05:00:42 UTC,43PES,313.1000061,19136.0,0.0,0b0100101011000000,0b00,Pixel produced by TES (Use cloud layer to filter cloudy pixels and select best quality),0b00,Good quality L1B data,0b00,Not set. Please check ECOSTRESS GEO and CLOUD products for this information.,0b11,Fast,0b10,0.1 - 0.2 (Nominal value),0b10,"0.03 - 0.1 (Mostly soils, mixed pixel)",0b00,>0.02 (Poor performance),0b01,1.5 - 2 K (Marginal performance),0b00000000,0b0,Clear
Hubballi,1,15.3647,75.124,2023-04-09 03:25:47 UTC,43PES,303.8399963,36544.0,0.0,0b1000111011000000,0b00,Pixel produced by TES (Use cloud layer to filter cloudy pixels and select best quality),0b00,Good quality L1B data,0b00,Not set. Please check ECOSTRESS GEO and CLOUD products for this information.,0b11,Fast,0b10,0.1 - 0.2 (Nominal value),0b11,"<0.03 (Vegetation, snow, water, ice)",0b00,>0.02 (Poor performance),0b10,1 - 1.5 K (Good performance),0b00000000,0b0,Clear
Hubballi,1,15.3647,75.124,2023-04-12 12:30:59 UTC,43PES,308.4400024,40640.0,0.0,0b1001111011000000,0b00,Pixel produced by TES (Use cloud layer to filter cloudy pixels and select best quality),0b00,Good quality L1B data,0b00,Not set. Please check ECOSTRESS GEO and CLOUD products for this information.,0b11,Fast,0b10,0.1 - 0.2 (Nominal value),0b11,"<0.03 (Vegetation, snow, water, ice)",0b01,0.015 - 0.02 (Marginal performance),0b10,1 - 1.5 K (Good performance),0b00000000,0b0,Clear
Hubballi,1,15.3647,75.124,2023-04-13 01:50:06 UTC,43PES,298.4400024,36549.0,0.0,0b1000111011000101,0b01,Pixel produced by TES but certain conditions are met that may degrade the LSTE accuracy 00 Pixel produced by TES  (Use cloud layer to filter cloudy pixels and select best quality),0b01,Missing stripe pixel in bands 1 and 5,0b00,Not set. Please check ECOSTRESS GEO and CLOUD products for this information.,0b11,Fast,0b10,0.1 - 0.2 (Nominal value),0b11,"<0.03 (Vegetation, snow, water, ice)",0b00,>0.02 (Poor performance),0b10,1 - 1.5 K (Good performance),0b00000000,0b0,Clear
Hubballi,1,15.3647,75.124,2023-04-16 10:55:05 UTC,43PES,318.6600037,19136.0,0.0,0b0100101011000000,0b00,Pixel produced by TES (Use cloud layer to filter cloudy pixels and select best quality),0b00,Good quality L1B data,0b00,Not set. Please check ECOSTRESS GEO and CLOUD products for this information.,0b11,Fast,0b10,0.1 - 0.2 (Nominal value),0b10,"0.03 - 0.1 (Mostly soils, mixed pixel)",0b00,>0.02 (Poor performance),0b01,1.5 - 2 K (Marginal performance),0b00000000,0b0,Clear
Hubballi,1,15.3647,75.124,2023-04-20 22:37:04 UTC,43PES,297.1000061,18880.0,0.0,0b0100100111000000,0b00,Pixel produced by TES (Use cloud layer to filter cloudy pixels and select best quality),0b00,Good quality L1B data,0b00,Not set. Please check ECOSTRESS GEO and CLOUD products for this information.,0b11,Fast,0b01,0.2 - 0.3 (Nominal value),0b10,"0.03 - 0.1 (Mostly soils, mixed pixel)",0b00,>0.02 (Poor performance),0b01,1.5 - 2 K (Marginal performance),0b00000000,0b0,Clear
Hubballi,1,15.3647,75.124,2023-04-24 07:40:52 UTC,43PES,317.519989,20160.0,0.0,0b0100111011000000,0b00,Pixel produced by TES (Use cloud layer to filter cloudy pixels and select best quality),0b00,Good quality L1B data,0b00,Not set. Please check ECOSTRESS GEO and CLOUD products for this information.,0b11,Fast,0b10,0.1 - 0.2 (Nominal value),0b11,"<0.03 (Vegetation, snow, water, ice)",0b00,>0.02 (Poor performance),0b01,1.5 - 2 K (Marginal performance),0b00000000,0b0,Clear
Hubballi,1,15.3647,75.124,2023-04-24 20:59:42 UTC,43PES,297.0599976,19904.0,0.0,0b0100110111000000,0b00,Pixel produced by TES (Use cloud layer to filter cloudy pixels and select best quality),0b00,Good quality L1B data,0b00,Not set. Please check ECOSTRESS GEO and CLOUD products for this information.,0b11,Fast,0b01,0.2 - 0.3 (Nominal value),0b11,"<0.03 (Vegetation, snow, water, ice)",0b00,>0.02 (Poor performance),0b01,1.5 - 2 K (Marginal performance),0b00000000,0b0,Clear
Hubballi,1,15.3647,75.124,2023-05-01 18:33:27 UTC,43PES,297.0400085,18880.0,0.0,0b0100100111000000,0b00,Pixel produced by TES (Use cloud layer to filter cloudy pixels and select best quality),0b00,Good quality L1B data,0b00,Not set. Please check ECOSTRESS GEO and CLOUD products for this information.,0b11,Fast,0b01,0.2 - 0.3 (Nominal value),0b10,"0.03 - 0.1 (Mostly soils, mixed pixel)",0b00,>0.02 (Poor performance),0b01,1.5 - 2 K (Marginal performance),0b00000000,0b0,Clear
Hubballi,1,15.3647,75.124,2023-05-09 02:00:55 UTC,43PES,293.8399963,3520.0,0.0,0b0000110111000000,0b00,Pixel produced by TES (Use cloud layer to filter cloudy pixels and select best quality),0b00,Good quality L1B data,0b00,Not set. Please check ECOSTRESS GEO and CLOUD products for this information.,0b11,Fast,0b01,0.2 - 0.3 (Nominal value),0b11,"<0.03 (Vegetation, snow, water, ice)",0b00,>0.02 (Poor performance),0b00,>2 K (Poor performance),0b00000000,0b0,Clear
Hubballi,1,15.3647,75.124,2023-05-16 22:46:34 UTC,43PES,297.6199951,35520.0,0.0,0b1000101011000000,0b00,Pixel produced by TES (Use cloud layer to filter cloudy pixels and select best quality),0b00,Good quality L1B data,0b00,Not set. Please check ECOSTRESS GEO and CLOUD products for this information.,0b11,Fast,0b10,0.1 - 0.2 (Nominal value),0b10,"0.03 - 0.1 (Mostly soils, mixed pixel)",0b00,>0.02 (Poor performance),0b10,1 - 1.5 K (Good performance),0b00000000,0b0,Clear
Hubballi,1,15.3647,75.124,2023-05-17 12:04:46 UTC,43PES,310.0599976,36549.0,0.0,0b1000111011000101,0b01,Pixel produced by TES but certain conditions are met that may degrade the LSTE accuracy 00 Pixel produced by TES  (Use cloud layer to filter cloudy pixels and select best quality),0b01,Missing stripe pixel in bands 1 and 5,0b00,Not set. Please check ECOSTRESS GEO and CLOUD products for this information.,0b11,Fast,0b10,0.1 - 0.2 (Nominal value),0b11,"<0.03 (Vegetation, snow, water, ice)",0b00,>0.02 (Poor performance),0b10,1 - 1.5 K (Good performance),0b00000000,0b0,Clear
Hubballi,1,15.3647,75.124,2023-05-17 12:05:38 UTC,43PES,310.1799927,36544.0,0.0,0b1000111011000000,0b00,Pixel produced by TES (Use cloud layer to filter cloudy pixels and select best quality),0b00,Good quality L1B data,0b00,Not set. Please check ECOSTRESS GEO and CLOUD products for this information.,0b11,Fast,0b10,0.1 - 0.2 (Nominal value),0b11,"<0.03 (Vegetation, snow, water, ice)",0b00,>0.02 (Poor performance),0b10,1 - 1.5 K (Good performance),0b00000000,0b0,Clear
Hubballi,1,15.3647,75.124,2023-05-24 19:31:54 UTC,43PES,300.1199951,2496.0,0.0,0b0000100111000000,0b00,Pixel produced by TES (Use cloud layer to filter cloudy pixels and select best quality),0b00,Good quality L1B data,0b00,Not set. Please check ECOSTRESS GEO and CLOUD products for this information.,0b11,Fast,0b01,0.2 - 0.3 (Nominal value),0b10,"0.03 - 0.1 (Mostly soils, mixed pixel)",0b00,>0.02 (Poor performance),0b00,>2 K (Poor performance),0b00000000,0b0,Clear
Hubballi,1,15.3647,75.124,2023-06-04 15:26:45 UTC,43PES,292.2000122,2496.0,0.0,0b0000100111000000,0b00,Pixel produced by TES (Use cloud layer to filter cloudy pixels and select best quality),0b00,Good quality L1B data,0b00,Not set. Please check ECOSTRESS GEO and CLOUD products for this information.,0b11,Fast,0b01,0.2 - 0.3 (Nominal value),0b10,"0.03 - 0.1 (Mostly soils, mixed pixel)",0b00,>0.02 (Poor performance),0b00,>2 K (Poor performance),0b00000000,0b0,Clear
Hubballi,1,15.3647,75.124,2023-06-05 04:45:39 UTC,43PES,305.519989,19136.0,0.0,0b0100101011000000,0b00,Pixel produced by TES (Use cloud layer to filter cloudy pixels and select best quality),0b00,Good quality L1B data,0b00,Not set. Please check ECOSTRESS GEO and CLOUD products for this information.,0b11,Fast,0b10,0.1 - 0.2 (Nominal value),0b10,"0.03 - 0.1 (Mostly soils, mixed pixel)",0b00,>0.02 (Poor performance),0b01,1.5 - 2 K (Marginal performance),0b00000000,0b0,Clear
Hubballi,1,15.3647,75.124,2023-06-09 03:06:27 UTC,43PES,297.3200073,2496.0,0.0,0b0000100111000000,0b00,Pixel produced by TES (Use cloud layer to filter cloudy pixels and select best quality),0b00,Good quality L1B data,0b00,Not set. Please check ECOSTRESS GEO and CLOUD products for this information.,0b11,Fast,0b01,0.2 - 0.3 (Nominal value),0b10,"0.03 - 0.1 (Mostly soils, mixed pixel)",0b00,>0.02 (Poor performance),0b00,>2 K (Poor performance),0b00000000,0b0,Clear
Hubballi,1,15.3647,75.124,2023-04-05 05:00:42 UTC,43PET,313.1000061,19136.0,0.0,0b0100101011000000,0b00,Pixel produced by TES (Use cloud layer to filter cloudy pixels and select best quality),0b00,Good quality L1B data,0b00,Not set. Please check ECOSTRESS GEO and CLOUD products for this information.,0b11,Fast,0b10,0.1 - 0.2 (Nominal value),0b10,"0.03 - 0.1 (Mostly soils, mixed pixel)",0b00,>0.02 (Poor performance),0b01,1.5 - 2 K (Marginal performance),0b00000000,0b0,Clear
Hubballi,1,15.3647,75.124,2023-04-09 03:25:47 UTC,43PET,303.8399963,36544.0,0.0,0b1000111011000000,0b00,Pixel produced by TES (Use cloud layer to filter cloudy pixels and select best quality),0b00,Good quality L1B data,0b00,Not set. Please check ECOSTRESS GEO and CLOUD products for this information.,0b11,Fast,0b10,0.1 - 0.2 (Nominal value),0b11,"<0.03 (Vegetation, snow, water, ice)",0b00,>0.02 (Poor performance),0b10,1 - 1.5 K (Good performance),0b00000000,0b0,Clear
Hubballi,1,15.3647,75.124,2023-04-12 12:30:59 UTC,43PET,308.4400024,40640.0,0.0,0b1001111011000000,0b00,Pixel produced by TES (Use cloud layer to filter cloudy pixels and select best quality),0b00,Good quality L1B data,0b00,Not set. Please check ECOSTRESS GEO and CLOUD products for this information.,0b11,Fast,0b10,0.1 - 0.2 (Nominal value),0b11,"<0.03 (Vegetation, snow, water, ice)",0b01,0.015 - 0.02 (Marginal performance),0b10,1 - 1.5 K (Good performance),0b00000000,0b0,Clear
Hubballi,1,15.3647,75.124,2023-04-13 01:50:06 UTC,43PET,298.4400024,36549.0,0.0,0b1000111011000101,0b01,Pixel produced by TES but certain conditions are met that may degrade the LSTE accuracy 00 Pixel produced by TES  (Use cloud layer to filter cloudy pixels and select best quality),0b01,Missing stripe pixel in bands 1 and 5,0b00,Not set. Please check ECOSTRESS GEO and CLOUD products for this information.,0b11,Fast,0b10,0.1 - 0.2 (Nominal value),0b11,"<0.03 (Vegetation, snow, water, ice)",0b00,>0.02 (Poor performance),0b10,1 - 1.5 K (Good performance),0b00000000,0b0,Clear
Hubballi,1,15.3647,75.124,2023-04-16 10:55:05 UTC,43PET,318.6600037,19136.0,0.0,0b0100101011000000,0b00,Pixel produced by TES (Use cloud layer to filter cloudy pixels and select best quality),0b00,Good quality L1B data,0b00,Not set. Please check ECOSTRESS GEO and CLOUD products for this information.,0b11,Fast,0b10,0.1 - 0.2 (Nominal value),0b10,"0.03 - 0.1 (Mostly soils, mixed pixel)",0b00,>0.02 (Poor performance),0b01,1.5 - 2 K (Marginal performance),0b00000000,0b0,Clear
Hubballi,1,15.3647,75.124,2023-04-20 22:37:04 UTC,43PET,297.1000061,18880.0,0.0,0b0100100111000000,0b00,Pixel produced by TES (Use cloud layer to filter cloudy pixels and select best quality),0b00,Good quality L1B data,0b00,Not set. Please check ECOSTRESS GEO and CLOUD products for this information.,0b11,Fast,0b01,0.2 - 0.3 (Nominal value),0b10,"0.03 - 0.1 (Mostly soils, mixed pixel)",0b00,>0.02 (Poor performance),0b01,1.5 - 2 K (Marginal performance),0b00000000,0b0,Clear
Hubballi,1,15.3647,75.124,2023-04-24 07:40:52 UTC,43PET,317.519989,20160.0,0.0,0b0100111011000000,0b00,Pixel produced by TES (Use cloud layer to filter cloudy pixels and select best quality),0b00,Good quality L1B data,0b00,Not set. Please check ECOSTRESS GEO and CLOUD products for this information.,0b11,Fast,0b10,0.1 - 0.2 (Nominal value),0b11,"<0.03 (Vegetation, snow, water, ice)",0b00,>0.02 (Poor performance),0b01,1.5 - 2 K (Marginal performance),0b00000000,0b0,Clear
Hubballi,1,15.3647,75.124,2023-04-24 20:59:42 UTC,43PET,297.0599976,19904.0,0.0,0b0100110111000000,0b00,Pixel produced by TES (Use cloud layer to filter cloudy pixels and select best quality),0b00,Good quality L1B data,0b00,Not set. Please check ECOSTRESS GEO and CLOUD products for this information.,0b11,Fast,0b01,0.2 - 0.3 (Nominal value),0b11,"<0.03 (Vegetation, snow, water, ice)",0b00,>0.02 (Poor performance),0b01,1.5 - 2 K (Marginal performance),0b00000000,0b0,Clear
Hubballi,1,15.3647,75.124,2023-05-01 18:33:27 UTC,43PET,297.0400085,18880.0,0.0,0b0100100111000000,0b00,Pixel produced by TES (Use cloud layer to filter cloudy pixels and select best quality),0b00,Good quality L1B data,0b00,Not set. Please check ECOSTRESS GEO and CLOUD products for this information.,0b11,Fast,0b01,0.2 - 0.3 (Nominal value),0b10,"0.03 - 0.1 (Mostly soils, mixed pixel)",0b00,>0.02 (Poor performance),0b01,1.5 - 2 K (Marginal performance),0b00000000,0b0,Clear
Hubballi,1,15.3647,75.124,2023-05-09 02:00:55 UTC,43PET,293.8399963,3520.0,0.0,0b0000110111000000,0b00,Pixel produced by TES (Use cloud layer to filter cloudy pixels and select best quality),0b00,Good quality L1B data,0b00,Not set. Please check ECOSTRESS GEO and CLOUD products for this information.,0b11,Fast,0b01,0.2 - 0.3 (Nominal value),0b11,"<0.03 (Vegetation, snow, water, ice)",0b00,>0.02 (Poor performance),0b00,>2 K (Poor performance),0b00000000,0b0,Clear
Hubballi,1,15.3647,75.124,2023-05-16 22:46:34 UTC,43PET,297.6199951,35520.0,0.0,0b1000101011000000,0b00,Pixel produced by TES (Use cloud layer to filter cloudy pixels and select best quality),0b00,Good quality L1B data,0b00,Not set. Please check ECOSTRESS GEO and CLOUD products for this information.,0b11,Fast,0b10,0.1 - 0.2 (Nominal value),0b10,"0.03 - 0.1 (Mostly soils, mixed pixel)",0b00,>0.02 (Poor performance),0b10,1 - 1.5 K (Good performance),0b00000000,0b0,Clear
Hubballi,1,15.3647,75.124,2023-05-17 12:04:46 UTC,43PET,310.0599976,36549.0,0.0,0b1000111011000101,0b01,Pixel produced by TES but certain conditions are met that may degrade the LSTE accuracy 00 Pixel produced by TES  (Use cloud layer to filter cloudy pixels and select best quality),0b01,Missing stripe pixel in bands 1 and 5,0b00,Not set. Please check ECOSTRESS GEO and CLOUD products for this information.,0b11,Fast,0b10,0.1 - 0.2 (Nominal value),0b11,"<0.03 (Vegetation, snow, water, ice)",0b00,>0.02 (Poor performance),0b10,1 - 1.5 K (Good performance),0b00000000,0b0,Clear
Hubballi,1,15.3647,75.124,2023-05-17 12:05:38 UTC,43PET,310.1799927,36544.0,0.0,0b1000111011000000,0b00,Pixel produced by TES (Use cloud layer to filter cloudy pixels and select best quality),0b00,Good quality L1B data,0b00,Not set. Please check ECOSTRESS GEO and CLOUD products for this information.,0b11,Fast,0b10,0.1 - 0.2 (Nominal value),0b11,"<0.03 (Vegetation, snow, water, ice)",0b00,>0.02 (Poor performance),0b10,1 - 1.5 K (Good performance),0b00000000,0b0,Clear
Hubballi,1,15.3647,75.124,2023-05-24 19:31:54 UTC,43PET,300.1199951,2496.0,0.0,0b0000100111000000,0b00,Pixel produced by TES (Use cloud layer to filter cloudy pixels and select best quality),0b00,Good quality L1B data,0b00,Not set. Please check ECOSTRESS GEO and CLOUD products for this information.,0b11,Fast,0b01,0.2 - 0.3 (Nominal value),0b10,"0.03 - 0.1 (Mostly soils, mixed pixel)",0b00,>0.02 (Poor performance),0b00,>2 K (Poor performance),0b00000000,0b0,Clear
Hubballi,1,15.3647,75.124,2023-06-04 15:26:45 UTC,43PET,292.2000122,2496.0,0.0,0b0000100111000000,0b00,Pixel produced by TES (Use cloud layer to filter cloudy pixels and select best quality),0b00,Good quality L1B data,0b00,Not set. Please check ECOSTRESS GEO and CLOUD products for this information.,0b11,Fast,0b01,0.2 - 0.3 (Nominal value),0b10,"0.03 - 0.1 (Mostly soils, mixed pixel)",0b00,>0.02 (Poor performance),0b00,>2 K (Poor performance),0b00000000,0b0,Clear
Hubballi,1,15.3647,75.124,2023-06-05 04:45:39 UTC,43PET,305.519989,19136.0,0.0,0b0100101011000000,0b00,Pixel produced by TES (Use cloud layer to filter cloudy pixels and select best quality),0b00,Good quality L1B data,0b00,Not set. Please check ECOSTRESS GEO and CLOUD products for this information.,0b11,Fast,0b10,0.1 - 0.2 (Nominal value),0b10,"0.03 - 0.1 (Mostly soils, mixed pixel)",0b00,>0.02 (Poor performance),0b01,1.5 - 2 K (Marginal performance),0b00000000,0b0,Clear
Hubballi,1,15.3647,75.124,2023-06-09 03:06:27 UTC,43PET,297.3200073,2496.0,0.0,0b0000100111000000,0b00,Pixel produced by TES (Use cloud layer to filter cloudy pixels and select best quality),0b00,Good quality L1B data,0b00,Not set. Please check ECOSTRESS GEO and CLOUD products for this information.,0b11,Fast,0b01,0.2 - 0.3 (Nominal value),0b10,"0.03 - 0.1 (Mostly soils, mixed pixel)",0b00,>0.02 (Poor performance),0b00,>2 K (Poor performance),0b00000000,0b0,Clear
Hubballi-Central,3,15.35,75.135,2023-04-05 05:00:42 UTC,43PES,311.6600037,20160.0,0.0,0b0100111011000000,0b00,Pixel produced by TES (Use cloud layer to filter cloudy pixels and select best quality),0b00,Good quality L1B data,0b00,Not set. Please check ECOSTRESS GEO and CLOUD products for this information.,0b11,Fast,0b10,0.1 - 0.2 (Nominal value),0b11,"<0.03 (Vegetation, snow, water, ice)",0b00,>0.02 (Poor performance),0b01,1.5 - 2 K (Marginal performance),0b00000000,0b0,Clear
Hubballi-Central,3,15.35,75.135,2023-04-09 03:25:47 UTC,43PES,303.4400024,36544.0,0.0,0b1000111011000000,0b00,Pixel produced by TES (Use cloud layer to filter cloudy pixels and select best quality),0b00,Good quality L1B data,0b00,Not set. Please check ECOSTRESS GEO and CLOUD products for this information.,0b11,Fast,0b10,0.1 - 0.2 (Nominal value),0b11,"<0.03 (Vegetation, snow, water, ice)",0b00,>0.02 (Poor performance),0b10,1 - 1.5 K (Good performance),0b00000000,0b0,Clear
Hubballi-Central,3,15.35,75.135,2023-04-12 12:30:59 UTC,43PES,308.7000122,40640.0,0.0,0b1001111011000000,0b00,Pixel produced by TES (Use cloud layer to filter cloudy pixels and select best quality),0b00,Good quality L1B data,0b00,Not set. Please check ECOSTRESS GEO and CLOUD products for this information.,0b11,Fast,0b10,0.1 - 0.2 (Nominal value),0b11,"<0.03 (Vegetation, snow, water, ice)",0b01,0.015 - 0.02 (Marginal performance),0b10,1 - 1.5 K (Good performance),0b00000000,0b0,Clear
Hubballi-Central,3,15.35,75.135,2023-04-13 01:50:06 UTC,43PES,297.1000061,36544.0,0.0,0b1000111011000000,0b00,Pixel produced by TES (Use cloud layer to filter cloudy pixels and select best quality),0b00,Good quality L1B data,0b00,Not set. Please check ECOSTRESS GEO and CLOUD products for this information.,0b11,Fast,0b10,0.1 - 0.2 (Nominal value),0b11,"<0.03 (Vegetation, snow, water, ice)",0b00,>0.02 (Poor performance),0b10,1 - 1.5 K (Good performance),0b00000000,0b0,Clear
Hubballi-Central,3,15.35,75.135,2023-04-16 10:55:05 UTC,43PES,318.3599854,19136.0,0.0,0b0100101011000000,0b00,Pixel produced by TES (Use cloud layer to filter cloudy pixels and select best quality),0b00,Good quality L1B data,0b00,Not set. Please check ECOSTRESS GEO and CLOUD products for this information.,0b11,Fast,0b10,0.1 - 0.2 (Nominal value),0b10,"0.03 - 0.1 (Mostly soils, mixed pixel)",0b00,>0.02 (Poor performance),0b01,1.5 - 2 K (Marginal performance),0b00000000,0b0,Clear
Hubballi-Central,3,15.35,75.135,2023-04-20 22:37:04 UTC,43PES,295.8599854,19904.0,0.0,0b0100110111000000,0b00,Pixel produced by TES (Use cloud layer to filter cloudy pixels and select best quality),0b00,Good quality L1B data,0b00,Not set. Please check ECOSTRESS GEO and CLOUD products for this information.,0b11,Fast,0b01,0.2 - 0.3 (Nominal value),0b11,"<0.03 (Vegetation, snow, water, ice)",0b00,>0.02 (Poor performance),0b01,1.5 - 2 K (Marginal performance),0b00000000,0b0,Clear
Hubballi-Central,3,15.35,75.135,2023-04-24 07:40:52 UTC,43PES,322.5599976,20160.0,0.0,0b0100111011000000,0b00,Pixel produced by TES (Use cloud layer to filter cloudy pixels and select best quality),0b00,Good quality L1B data,0b00,Not set. Please check ECOSTRESS GEO and CLOUD products for this information.,0b11,Fast,0b10,0.1 - 0.2 (Nominal value),0b11,"<0.03 (Vegetation, snow, water, ice)",0b00,>0.02 (Poor performance),0b01,1.5 - 2 K (Marginal performance),0b00000000,0b0,Clear
Hubballi-Central,3,15.35,75.135,2023-04-24 20:59:42 UTC,43PES,296.2200012,19909.0,0.0,0b0100110111000101,0b01,Pixel produced by TES but certain conditions are met that may degrade the LSTE accuracy 00 Pixel produced by TES  (Use cloud layer to filter cloudy pixels and select best quality),0b01,Missing stripe pixel in bands 1 and 5,0b00,Not set. Please check ECOSTRESS GEO and CLOUD products for this information.,0b11,Fast,0b01,0.2 - 0.3 (Nominal value),0b11,"<0.03 (Vegetation, snow, water, ice)",0b00,>0.02 (Poor performance),0b01,1.5 - 2 K (Marginal performance),0b00000000,0b0,Clear
Hubballi-Central,3,15.35,75.135,2023-05-01 18:33:27 UTC,43PES,298.2000122,18885.0,0.0,0b0100100111000101,0b01,Pixel produced by TES but certain conditions are met that may degrade the LSTE accuracy 00 Pixel produced by TES  (Use cloud layer to filter cloudy pixels and select best quality),0b01,Missing stripe pixel in bands 1 and 5,0b00,Not set. Please check ECOSTRESS GEO and CLOUD products for this information.,0b11,Fast,0b01,0.2 - 0.3 (Nominal value),0b10,"0.03 - 0.1 (Mostly soils, mixed pixel)",0b00,>0.02 (Poor performance),0b01,1.5 - 2 K (Marginal performance),0b00000000,0b0,Clear
Hubballi-Central,3,15.35,75.135,2023-05-09 02:00:55 UTC,43PES,292.4400024,3520.0,0.0,0b0000110111000000,0b00,Pixel produced by TES (Use cloud layer to filter cloudy pixels and select best quality),0b00,Good quality L1B data,0b00,Not set. Please check ECOSTRESS GEO and CLOUD products for this information.,0b11,Fast,0b01,0.2 - 0.3 (Nominal value),0b11,"<0.03 (Vegetation, snow, water, ice)",0b00,>0.02 (Poor performance),0b00,>2 K (Poor performance),0b00000000,0b0,Clear
Hubballi-Central,3,15.35,75.135,2023-05-16 22:46:34 UTC,43PES,297.2799988,36544.0,0.0,0b1000111011000000,0b00,Pixel produced by TES (Use cloud layer to filter cloudy pixels and select best quality),0b00,Good quality L1B data,0b00,Not set. Please check ECOSTRESS GEO and CLOUD products for this information.,0b11,Fast,0b10,0.1 - 0.2 (Nominal value),0b11,"<0.03 (Vegetation, snow, water, ice)",0b00,>0.02 (Poor performance),0b10,1 - 1.5 K (Good performance),0b00000000,0b0,Clear
Hubballi-Central,3,15.35,75.135,2023-05-17 12:04:46 UTC,43PES,310.7000122,35520.0,0.0,0b1000101011000000,0b00,Pixel produced by TES (Use cloud layer to filter cloudy pixels and select best quality),0b00,Good quality L1B data,0b00,Not set. Please check ECOSTRESS GEO and CLOUD products for this information.,0b11,Fast,0b10,0.1 - 0.2 (Nominal value),0b10,"0.03 - 0.1 (Mostly soils, mixed pixel)",0b00,>0.02 (Poor performance),0b10,1 - 1.5 K (Good performance),0b00000000,0b0,Clear
Hubballi-Central,3,15.35,75.135,2023-05-24 19:31:54 UTC,43PES,298.3599854,2496.0,0.0,0b0000100111000000,0b00,Pixel produced by TES (Use cloud layer to filter cloudy pixels and select best quality),0b00,Good quality L1B data,0b00,Not set. Please check ECOSTRESS GEO and CLOUD products for this information.,0b11,Fast,0b01,0.2 - 0.3 (Nominal value),0b10,"0.03 - 0.1 (Mostly soils, mixed pixel)",0b00,>0.02 (Poor performance),0b00,>2 K (Poor performance),0b00000000,0b0,Clear
Hubballi-Central,3,15.35,75.135,2023-06-05 04:45:39 UTC,43PES,296.8200073,18880.0,0.0,0b0100100111000000,0b00,Pixel produced by TES (Use cloud layer to filter cloudy pixels and select best quality),0b00,Good quality L1B data,0b00,Not set. Please check ECOSTRESS GEO and CLOUD products for this information.,0b11,Fast,0b01,0.2 - 0.3 (Nominal value),0b10,"0.03 - 0.1 (Mostly soils, mixed pixel)",0b00,>0.02 (Poor performance),0b01,1.5 - 2 K (Marginal performance),0b00000000,0b0,Clear
Hubballi-Central,3,15.35,75.135,2023-06-09 03:06:27 UTC,43PES,296.9400024,2496.0,0.0,0b0000100111000000,0b00,Pixel produced by TES (Use cloud layer to filter cloudy pixels and select best quality),0b00,Good quality L1B data,0b00,Not set. Please check ECOSTRESS GEO and CLOUD products for this information.,0b11,Fast,0b01,0.2 - 0.3 (Nominal value),0b10,"0.03 - 0.1 (Mostly soils, mixed pixel)",0b00,>0.02 (Poor performance),0b00,>2 K (Poor performance),0b00000000,0b0,Clear
Hubballi-Central,3,15.35,75.135,2023-04-05 05:00:42 UTC,43PET,311.6600037,20160.0,0.0,0b0100111011000000,0b00,Pixel produced by TES (Use cloud layer to filter cloudy pixels and select best quality),0b00,Good quality L1B data,0b00,Not set. Please check ECOSTRESS GEO and CLOUD products for this information.,0b11,Fast,0b10,0.1 - 0.2 (Nominal value),0b11,"<0.03 (Vegetation, snow, water, ice)",0b00,>0.02 (Poor performance),0b01,1.5 - 2 K (Marginal performance),0b00000000,0b0,Clear
Hubballi-Central,3,15.35,75.135,2023-04-09 03:25:47 UTC,43PET,303.4400024,36544.0,0.0,0b1000111011000000,0b00,Pixel produced by TES (Use cloud layer to filter cloudy pixels and select best quality),0b00,Good quality L1B data,0b00,Not set. Please check ECOSTRESS GEO and CLOUD products for this information.,0b11,Fast,0b10,0.1 - 0.2 (Nominal value),0b11,"<0.03 (Vegetation, snow, water, ice)",0b00,>0.02 (Poor performance),0b10,1 - 1.5 K (Good performance),0b00000000,0b0,Clear
Hubballi-Central,3,15.35,75.135,2023-04-12 12:30:59 UTC,43PET,308.7000122,40640.0,0.0,0b1001111011000000,0b00,Pixel produced by TES (Use cloud layer to filter cloudy pixels and select best quality),0b00,Good quality L1B data,0b00,Not set. Please check ECOSTRESS GEO and CLOUD products for this information.,0b11,Fast,0b10,0.1 - 0.2 (Nominal value),0b11,"<0.03 (Vegetation, snow, water, ice)",0b01,0.015 - 0.02 (Marginal performance),0b10,1 - 1.5 K (Good performance),0b00000000,0b0,Clear
Hubballi-Central,3,15.35,75.135,2023-04-13 01:50:06 UTC,43PET,297.1000061,36544.0,0.0,0b1000111011000000,0b00,Pixel produced by TES (Use cloud layer to filter cloudy pixels and select best quality),0b00,Good quality L1B data,0b00,Not set. Please check ECOSTRESS GEO and CLOUD products for this information.,0b11,Fast,0b10,0.1 - 0.2 (Nominal value),0b11,"<0.03 (Vegetation, snow, water, ice)",0b00,>0.02 (Poor performance),0b10,1 - 1.5 K (Good performance),0b00000000,0b0,Clear
Hubballi-Central,3,15.35,75.135,2023-04-16 10:55:05 UTC,43PET,318.3599854,19136.0,0.0,0b0100101011000000,0b00,Pixel produced by TES (Use cloud layer to filter cloudy pixels and select best quality),0b00,Good quality L1B data,0b00,Not set. Please check ECOSTRESS GEO and CLOUD products for this information.,0b11,Fast,0b10,0.1 - 0.2 (Nominal value),0b10,"0.03 - 0.1 (Mostly soils, mixed pixel)",0b00,>0.02 (Poor performance),0b01,1.5 - 2 K (Marginal performance),0b00000000,0b0,Clear
Hubballi-Central,3,15.35,75.135,2023-04-20 22:37:04 UTC,43PET,295.8599854,19904.0,0.0,0b0100110111000000,0b00,Pixel produced by TES (Use cloud layer to filter cloudy pixels and select best quality),0b00,Good quality L1B data,0b00,Not set. Please check ECOSTRESS GEO and CLOUD products for this information.,0b11,Fast,0b01,0.2 - 0.3 (Nominal value),0b11,"<0.03 (Vegetation, snow, water, ice)",0b00,>0.02 (Poor performance),0b01,1.5 - 2 K (Marginal performance),0b00000000,0b0,Clear
Hubballi-Central,3,15.35,75.135,2023-04-24 07:40:52 UTC,43PET,322.5599976,20160.0,0.0,0b0100111011000000,0b00,Pixel produced by TES (Use cloud layer to filter cloudy pixels and select best quality),0b00,Good quality L1B data,0b00,Not set. Please check ECOSTRESS GEO and CLOUD products for this information.,0b11,Fast,0b10,0.1 - 0.2 (Nominal value),0b11,"<0.03 (Vegetation, snow, water, ice)",0b00,>0.02 (Poor performance),0b01,1.5 - 2 K (Marginal performance),0b00000000,0b0,Clear
Hubballi-Central,3,15.35,75.135,2023-04-24 20:59:42 UTC,43PET,296.2200012,19909.0,0.0,0b0100110111000101,0b01,Pixel produced by TES but certain conditions are met that may degrade the LSTE accuracy 00 Pixel produced by TES  (Use cloud layer to filter cloudy pixels and select best quality),0b01,Missing stripe pixel in bands 1 and 5,0b00,Not set. Please check ECOSTRESS GEO and CLOUD products for this information.,0b11,Fast,0b01,0.2 - 0.3 (Nominal value),0b11,"<0.03 (Vegetation, snow, water, ice)",0b00,>0.02 (Poor performance),0b01,1.5 - 2 K (Marginal performance),0b00000000,0b0,Clear
Hubballi-Central,3,15.35,75.135,2023-05-01 18:33:27 UTC,43PET,298.2000122,18885.0,0.0,0b0100100111000101,0b01,Pixel produced by TES but certain conditions are met that may degrade the LSTE accuracy 00 Pixel produced by TES  (Use cloud layer to filter cloudy pixels and select best quality),0b01,Missing stripe pixel in bands 1 and 5,0b00,Not set. Please check ECOSTRESS GEO and CLOUD products for this information.,0b11,Fast,0b01,0.2 - 0.3 (Nominal value),0b10,"0.03 - 0.1 (Mostly soils, mixed pixel)",0b00,>0.02 (Poor performance),0b01,1.5 - 2 K (Marginal performance),0b00000000,0b0,Clear
Hubballi-Central,3,15.35,75.135,2023-05-09 02:00:55 UTC,43PET,292.4400024,3520.0,0.0,0b0000110111000000,0b00,Pixel produced by TES (Use cloud layer to filter cloudy pixels and select best quality),0b00,Good quality L1B data,0b00,Not set. Please check ECOSTRESS GEO and CLOUD products for this information.,0b11,Fast,0b01,0.2 - 0.3 (Nominal value),0b11,"<0.03 (Vegetation, snow, water, ice)",0b00,>0.02 (Poor performance),0b00,>2 K (Poor performance),0b00000000,0b0,Clear
Hubballi-Central,3,15.35,75.135,2023-05-16 22:46:34 UTC,43PET,297.2799988,36544.0,0.0,0b1000111011000000,0b00,Pixel produced by TES (Use cloud layer to filter cloudy pixels and select best quality),0b00,Good quality L1B data,0b00,Not set. Please check ECOSTRESS GEO and CLOUD products for this information.,0b11,Fast,0b10,0.1 - 0.2 (Nominal value),0b11,"<0.03 (Vegetation, snow, water, ice)",0b00,>0.02 (Poor performance),0b10,1 - 1.5 K (Good performance),0b00000000,0b0,Clear
Hubballi-Central,3,15.35,75.135,2023-05-17 12:04:46 UTC,43PET,310.7000122,35520.0,0.0,0b1000101011000000,0b00,Pixel produced by TES (Use cloud layer to filter cloudy pixels and select best quality),0b00,Good quality L1B data,0b00,Not set. Please check ECOSTRESS GEO and CLOUD products for this information.,0b11,Fast,0b10,0.1 - 0.2 (Nominal value),0b10,"0.03 - 0.1 (Mostly soils, mixed pixel)",0b00,>0.02 (Poor performance),0b10,1 - 1.5 K (Good performance),0b00000000,0b0,Clear
Hubballi-Central,3,15.35,75.135,2023-05-24 19:31:54 UTC,43PET,298.3599854,2496.0,0.0,0b0000100111000000,0b00,Pixel produced by TES (Use cloud layer to filter cloudy pixels and select best quality),0b00,Good quality L1B data,0b00,Not set. Please check ECOSTRESS GEO and CLOUD products for this information.,0b11,Fast,0b01,0.2 - 0.3 (Nominal value),0b10,"0.03 - 0.1 (Mostly soils, mixed pixel)",0b00,>0.02 (Poor performance),0b00,>2 K (Poor performance),0b00000000,0b0,Clear
Hubballi-Central,3,15.35,75.135,2023-06-05 04:45:39 UTC,43PET,296.8200073,18880.0,0.0,0b0100100111000000,0b00,Pixel produced by TES (Use cloud layer to filter cloudy pixels and select best quality),0b00,Good quality L1B data,0b00,Not set. Please check ECOSTRESS GEO and CLOUD products for this information.,0b11,Fast,0b01,0.2 - 0.3 (Nominal value),0b10,"0.03 - 0.1 (Mostly soils, mixed pixel)",0b00,>0.02 (Poor performance),0b01,1.5 - 2 K (Marginal performance),0b00000000,0b0,Clear
Hubballi-Central,3,15.35,75.135,2023-06-09 03:06:27 UTC,43PET,296.9400024,2496.0,0.0,0b0000100111000000,0b00,Pixel produced by TES (Use cloud layer to filter cloudy pixels and select best quality),0b00,Good quality L1B data,0b00,Not set. Please check ECOSTRESS GEO and CLOUD products for this information.,0b11,Fast,0b01,0.2 - 0.3 (Nominal value),0b10,"0.03 - 0.1 (Mostly soils, mixed pixel)",0b00,>0.02 (Poor performance),0b00,>2 K (Poor performance),0b00000000,0b0,Clear
